,precision,recall,f1-score,support
defect_free,0.8270676691729323,0.8540372670807453,0.8403361344537815,644.0
hole,0.22807017543859648,0.22413793103448276,0.22608695652173913,58.0
horizontal,0.25,0.07142857142857142,0.1111111111111111,14.0
lines,0.4339622641509434,0.359375,0.39316239316239315,64.0
stain,0.503030303030303,0.51875,0.5107692307692308,160.0
vertical,0.6,0.42857142857142855,0.5,14.0
accuracy,0.7085953878406709,0.7085953878406709,0.7085953878406709,0.7085953878406709
macro avg,0.4736884019654625,0.40938336635253797,0.43024430433637595,954.0
weighted avg,0.6981321619636435,0.7085953878406709,0.7020236265278006,954.0
