,precision,recall,f1-score,support
defect_free,0.93993993993994,0.937125748502994,0.9385307346326837,334.0
hole,0.3225806451612903,0.3448275862068966,0.3333333333333333,29.0
horizontal,0.5,0.2857142857142857,0.36363636363636365,7.0
lines,0.5769230769230769,0.46875,0.5172413793103449,32.0
stain,0.6703296703296703,0.7625,0.7134502923976608,80.0
vertical,1.0,0.5714285714285714,0.7272727272727273,7.0
accuracy,0.8282208588957055,0.8282208588957055,0.8282208588957055,0.8282208588957055
macro avg,0.6682955553923295,0.5617243653087912,0.5989108050971855,489.0
weighted avg,0.8300259524284856,0.8282208588957055,0.8269939533744183,489.0
