feature,importance
max_perimeter,0.28892107502132547
total_area,0.24833150448101754
max_area,0.23723056656505814
min_eccentricity,0.22551685393259896
