feature,importance
max_area,0.28819663515416744
min_eccentricity,0.279958161070418
total_area,0.27837435280641687
max_perimeter,0.15347085096899765
