feature,importance
max_perimeter,0.36930870294093615
max_area,0.2957965639927171
total_area,0.22104336650953593
min_eccentricity,0.11385136655681075
