feature,importance
diag_length,0.3517208563781841
vert_length,0.33271236046479996
horiz_length,0.3155667831570158
