feature,importance
vert_length,0.34735214269230064
horiz_length,0.3388020661463486
diag_length,0.31384579116135064
