feature,importance
vert_length,0.3871993645626172
horiz_length,0.34053531811278626
diag_length,0.2722653173245965
