pipeline,custom_score,f1_weighted,accuracy,f1_macro,model_path
morphological,0.5606561188583792,0.4127647313323621,0.3658280922431866,0.2772430950492453,models\rf_morphological_model.pkl
canny,0.5086357812152409,0.5581076254032438,0.5118679050567595,0.3205275977754297,models\rf_canny_model.pkl
